"0","cats_cleaned <- cats_dataset |> "
"0","  rename(age_years = ""Age (Years)"",  #Notice how the format is the new name equal the current name of the column."
"0","         weight_kg = ""Weight (kg)"","
"0","         breed = ""Breed"","
"0","         color = ""Color"", "
"0","         gender = ""Gender"") |>"
"0","  filter(!is.na(age_years),    #This is used to remove any missing data. Fortunately, there is no missing data! "
"0","         !is.na(weight_kg), "
"0","         !is.na(breed), "
"0","         !is.na(color), "
"0","         !is.na(gender))"
"0",""
"0","cats_cleaned"
