"0","ggplot(cats_gender_breed, aes(x = n, y = reorder(breed, n), fill = gender)) + #reorder function would reorder breeds by count"
"0","  geom_bar(stat = ""identity"", position = ""fill"") + "
"0","  labs("
"0","    title = ""Females vs Male Cats per Breed"", "
"0","    x = ""Count of Cats"", "
"0","    y =""Breed"", "
"0","    caption = ""Data Source: Kaggle"""
"0","  ) +"
"0","  scale_fill_manual(values = c(""rosybrown"", ""lightblue3"")) #Use this function to manually change the colors of the graph if wanted."
