{"chunk_definitions":[{"row":75,"row_count":1,"visible":true,"expansion_state":0,"options":{"engine":"r","echo":true,"label":"unnamed-chunk-33","dev":"png"},"document_id":"5D68B37D","chunk_id":"crlgwoilt8q3a","chunk_label":"unnamed-chunk-3"},{"row":88,"row_count":1,"visible":true,"expansion_state":0,"options":{"engine":"r","message":false,"warning":false,"include":false,"label":"unnamed-chunk-25","dev":"png"},"document_id":"5D68B37D","chunk_id":"cyy7itur20psy","chunk_label":"unnamed-chunk-4"},{"row":110,"row_count":1,"visible":true,"expansion_state":0,"options":{"engine":"r","label":"unnamed-chunk-50","dev":"png"},"document_id":"5D68B37D","chunk_id":"c7h6muzl7uyhe","chunk_label":"unnamed-chunk-5"},{"row":123,"row_count":1,"visible":true,"expansion_state":0,"options":{"engine":"r","label":"unnamed-chunk-51","dev":"png"},"document_id":"5D68B37D","chunk_id":"clpb8wpiq1l9d","chunk_label":"unnamed-chunk-6"},{"row":143,"row_count":1,"visible":true,"expansion_state":0,"options":{"engine":"r","label":"unnamed-chunk-52","dev":"png"},"document_id":"5D68B37D","chunk_id":"cepw3tgtgmzcc","chunk_label":"unnamed-chunk-7"},{"row":161,"row_count":1,"visible":true,"expansion_state":0,"options":{"engine":"r","label":"unnamed-chunk-59","dev":"png"},"document_id":"5D68B37D","chunk_id":"cqtplzdx2qm39","chunk_label":"unnamed-chunk-8"},{"row":176,"row_count":1,"visible":true,"expansion_state":0,"options":{"engine":"r","label":"unnamed-chunk-54","dev":"png"},"document_id":"5D68B37D","chunk_id":"c78nw4wpk2x56","chunk_label":"unnamed-chunk-9"},{"row":195,"row_count":1,"visible":true,"expansion_state":0,"options":{"engine":"r","include":false,"label":"unnamed-chunk-60","dev":"png"},"document_id":"5D68B37D","chunk_id":"ca2via4s575m6","chunk_label":"unnamed-chunk-10"},{"row":212,"row_count":1,"visible":true,"expansion_state":0,"options":{"engine":"r","label":"unnamed-chunk-56","dev":"png"},"document_id":"5D68B37D","chunk_id":"cklh8oz6zen6o","chunk_label":"unnamed-chunk-11"}],"doc_write_time":1744393994,"chunk_rendered_width":700}